{
"Afganistan":"+93",
"Albanija":"+355",
"Alžir":"+213",
"Andora":"+376",
"Angola":"+244",
"Antigva i Barbuda":"+1 (268)",
"Argentina":"+54",
"Armenija":"+374",
"Australija":"+61",
"Austrija":"+43",
"Azerbajdžan":"+994",
"Bahami":"+1 (24)",
"Bahrein":"+973",
"Bangladeš":"+880",
"Barbados":"+1 (246)",
"Belgija":"+32",
"Belize":"+501",
"Benin":"+229",
"Bjelokosna Obala":"+225",
"Bjelorusija":"+375",
"Bocvana":"+267",
"Bolivija":"+591",
"Bosna i Hercegovina":"+387",
"Brazil":"+55",
"Brunej":"+673",
"Bugarska":"+359",
"Burkina Faso":"+226",
"Burma":"+95",
"Burundi":"+257",
"Butan":"+975",
"Cipar":"+357",
"Crna Gora":"+382",
"Čad":"+235",
"Češka":"+420",
"Čile":"+56",
"Danska":"+45",
"Demokratska Republika Kongo":"+243",
"Dominika":"+1 (767)",
"Dominikanska Republika":"+1 (809)",
"Džibuti":"+253",
"Egipat":"+20",
"Ekvador":"+593",
"Ekvatorska Gvineja":"+240",
"Eritreja":"+291",
"Estonija":"+372",
"Etiopija":"+251",
"Fidži":"+679",
"Filipini":"+63",
"Finska":"+358",
"Francuska":"+33",
"Gabon":"+241",
"Gambija":"+220",
"Gana":"+233",
"Grčka":"+30",
"Grenada":"+1 (473)",
"Gruzija":"+995",
"Gvajana":"+592",
"Gvatemala":"+502",
"Gvineja":"+224",
"Gvineja Bisau":"+245",
"Haiti":"+509",
"Honduras":"+504",
"Hrvatska":"+385",
"Indija":"+91",
"Indonezija":"+62",
"Irak":"+964",
"Iran":"+98",
"Irska":"+353",
"Island":"+354",
"Istočni Timor":"+670",
"Italija":"+39",
"Izrael":"+972",
"Jamajka":"+1 (876)",
"Japan":"+81",
"Jemen":"+967",
"Jordan":"+962",
"Južna Koreja":"+82",
"Južni Sudan":"+211",
"Južnoafrička Republika":"+27",
"Kambodža":"+855",
"Kamerun":"+237",
"Kanada":"+1",
"Katar":"+974",
"Kazahstan":"+7",
"Kenija":"+254",
"Kina":"+86",
"Kirgistan":"+996",
"Kiribati":"+686",
"Kolumbija":"+57",
"Komori":"+269",
"Kongo":"+242",
"Kosovo":"+383",
"Kostarika":"+506",
"Kuba":"+53",
"Kuvajt":"+965",
"Laos":"+856",
"Latvija":"+371",
"Lesoto":"+226",
"Libanon":"+961",
"Liberija":"+231",
"Libija":"+218",
"Lihtenštajn":"+417",
"Litva":"+370",
"Luksemburg":"+352",
"Madagaskar":"+261",
"Mađarska":"+36",
"Makedonija":"+389",
"Malavi":"+265",
"Maldivi":"+960",
"Malezija":"+60",
"Mali":"+223",
"Malta":"+356",
"Maroko":"+212",
"Maršalovi Otoci":"+692",
"Mauricijus":"+230",
"Mauritanija":"+222",
"Meksiko":"+52",
"Mikronezija":"+691",
"Moldova":"+373",
"Monako":"+377",
"Mongolija":"+976",
"Mozambik":"+258",
"Namibija":"+264",
"Nauru":"+674",
"Nepal":"+977",
"Niger":"+227",
"Nigerija":"+234",
"Nikaragva":"+505",
"Nizozemska":"+31",
"Norveška":"+47",
"Novi Zeland":"+64",
"Njemačka":"+49",
"Oman":"+968",
"Pakistan":"+92",
"Palau":"+680",
"Panama":"+507",
"Papua Nova Gvineja":"+675",
"Paragvaj":"+595",
"Peru":"+51",
"Poljska":"+48",
"Portugal":"+351",
"Ruanda":"+259",
"Rumunjska":"+40",
"Rusija":"+7",
"Salomonski Otoci":"+677",
"Salvador":"+503",
"Samoa":"+685",
"San Marino":"+378",
"Saudijska Arabija":"+966",
"Sejšeli":"+248",
"Senegal":"+221",
"Sijera Leone":"+232",
"Singapur":"+65",
"Sirija":"+963",
"Sjedinjene Američke Države":"+1",
"Sjeverna Koreja":"+850",
"Slovačka":"+421",
"Slovenija":"+386",
"Somalija":"+252",
"Srbija":"+381",
"Srednjoafrička Republika":"+236",
"Sudan":"+249",
"Surinam":"+597",
"Svazi":"+268",
"Sveta Lucija":"+1 (758)",
"Sveti Kristofor i Nevis":"+1 (869)",
"Sveti Toma i Princip":"+239",
"Sveti Vincent i Grenadini":"+1 (784)",
"Španjolska":"+34",
"Šri Lanka":"+94",
"Švedska":"+46",
"Švicarska":"+41",
"Tadžikistan":"+992",
"Tajland":"+66",
"Tajvan":"+886",
"Tanzanija":"+255",
"Togo":"+228",
"Tonga":"+676",
"Trinidad i Tobago":"+1 (868)",
"Tunis":"+216",
"Turkmenistan":"+993",
"Turska":"+90",
"Tuvalu":"+688",
"Uganda":"+256",
"Ujedinjeni Arapski Emirati":"+971",
"Ujedinjeno Kraljevstvo":"+44",
"Ukrajina":"+380",
"Urugvaj":"+598",
"Uzbekistan":"+998",
"Vanuatu":"+678",
"Vatikan":"+379",
"Venezuela":"+58",
"Vijetnam":"+84",
"Zambija":"+260",
"Zimbabve":"+263"
}