[{"id_korisnik":"9","id_status":"2","id_tip":"3","korisnicko_ime":"mjurisic","ime":"Markos","prezime":"Juri\u0161i\u0107","email":"mjurisic@suremail.info","slika":"images\/users\/mjurisic_Chrysanthemum.jpg","aktivacijski_kod":"1356647516","neuspjesne_prijave":"0","blokiran_do":"0000-00-00 00:00:00","lozinka":"321"},{"id_korisnik":"10","id_status":"2","id_tip":"1","korisnicko_ime":"jseva","ime":"Jurica","prezime":"\u0160eva","email":"jseva@mailinator.com","slika":"images\/users\/default.jpg","aktivacijski_kod":"1334431668","neuspjesne_prijave":"0","blokiran_do":"0000-00-00 00:00:00","lozinka":"321"},{"id_korisnik":"11","id_status":"2","id_tip":"3","korisnicko_ime":"admin","ime":"admin","prezime":"admin","email":"admin@foi.hr","slika":"images\/users\/default.jpg","aktivacijski_kod":null,"neuspjesne_prijave":null,"blokiran_do":null,"lozinka":"123456"},{"id_korisnik":"12","id_status":"2","id_tip":"2","korisnicko_ime":"moderator","ime":"moderator","prezime":"moderator","email":"moderator@foi.hr","slika":"images\/users\/default.jpg","aktivacijski_kod":null,"neuspjesne_prijave":null,"blokiran_do":null,"lozinka":"123456"},{"id_korisnik":"13","id_status":"1","id_tip":"1","korisnicko_ime":"pkos","ime":"pero","prezime":"kos","email":"pkos@mailinator.com","slika":"images\/users\/default.jpg","aktivacijski_kod":null,"neuspjesne_prijave":null,"blokiran_do":null,"lozinka":"123456"},{"id_korisnik":"14","id_status":"1","id_tip":"1","korisnicko_ime":"jzec","ime":"jura","prezime":"zec","email":"jzec@foi.hr","slika":"images\/users\/default.jpg","aktivacijski_kod":null,"neuspjesne_prijave":null,"blokiran_do":null,"lozinka":"123456"},{"id_korisnik":"15","id_status":"1","id_tip":"1","korisnicko_ime":"vvuk","ime":"vlatka","prezime":"vuk","email":"vvuk@foi.hr","slika":"images\/users\/default.jpg","aktivacijski_kod":null,"neuspjesne_prijave":null,"blokiran_do":null,"lozinka":"123456"},{"id_korisnik":"16","id_status":"1","id_tip":"1","korisnicko_ime":"ssom","ime":"stipe","prezime":"som","email":"ssom@foi.hr","slika":"images\/users\/default.jpg","aktivacijski_kod":null,"neuspjesne_prijave":null,"blokiran_do":null,"lozinka":"123456"},{"id_korisnik":"17","id_status":"1","id_tip":"1","korisnicko_ime":"bvlasic","ime":"blanka","prezime":"vlasic","email":"bvlasic@foi.hr","slika":"images\/users\/default.jpg","aktivacijski_kod":null,"neuspjesne_prijave":null,"blokiran_do":null,"lozinka":"123456"},{"id_korisnik":"18","id_status":"1","id_tip":"1","korisnicko_ime":"jkostelic","ime":"janica","prezime":"kostelic","email":"jkostelic@foi.hr","slika":"images\/users\/default.jpg","aktivacijski_kod":null,"neuspjesne_prijave":null,"blokiran_do":null,"lozinka":"123456"},{"id_korisnik":"19","id_status":"1","id_tip":"1","korisnicko_ime":"ikostelic","ime":"ivica","prezime":"kostelic","email":"ikostelic@foi.hr","slika":"images\/users\/default.jpg","aktivacijski_kod":null,"neuspjesne_prijave":null,"blokiran_do":null,"lozinka":"123456"},{"id_korisnik":"20","id_status":"1","id_tip":"1","korisnicko_ime":"iolic","ime":"ivica","prezime":"olic","email":"iolic@foi.hr","slika":"images\/users\/default.jpg","aktivacijski_kod":null,"neuspjesne_prijave":null,"blokiran_do":null,"lozinka":"123456"},{"id_korisnik":"21","id_status":"1","id_tip":"1","korisnicko_ime":"ivastic","ime":"ivica","prezime":"vastic","email":"ivastic@foi.hr","slika":"images\/users\/default.jpg","aktivacijski_kod":null,"neuspjesne_prijave":null,"blokiran_do":null,"lozinka":"123456"},{"id_korisnik":"22","id_status":"1","id_tip":"1","korisnicko_ime":"jhetfield","ime":"james","prezime":"hetfield","email":"jhetfield@foi.hr","slika":"images\/users\/default.jpg","aktivacijski_kod":null,"neuspjesne_prijave":null,"blokiran_do":null,"lozinka":"123456"},{"id_korisnik":"23","id_status":"1","id_tip":"1","korisnicko_ime":"lurlich","ime":"lars","prezime":"ulrich","email":"lurlich@foi.hr","slika":"images\/users\/default.jpg","aktivacijski_kod":null,"neuspjesne_prijave":null,"blokiran_do":null,"lozinka":"123456"},{"id_korisnik":"24","id_status":"1","id_tip":"1","korisnicko_ime":"khammett","ime":"kirk","prezime":"hammet","email":"khammet@foi.hr","slika":"images\/users\/default.jpg","aktivacijski_kod":null,"neuspjesne_prijave":null,"blokiran_do":null,"lozinka":"123456"},{"id_korisnik":"25","id_status":"1","id_tip":"1","korisnicko_ime":"cburton","ime":"cliff","prezime":"burton","email":"cburton@foi.hr","slika":"images\/users\/default.jpg","aktivacijski_kod":null,"neuspjesne_prijave":null,"blokiran_do":null,"lozinka":"123456"},{"id_korisnik":"26","id_status":"1","id_tip":"1","korisnicko_ime":"jnewstead","ime":"jason","prezime":"newstead","email":"jnewstead@foi.hr","slika":"images\/users\/default.jpg","aktivacijski_kod":null,"neuspjesne_prijave":null,"blokiran_do":null,"lozinka":"123456"},{"id_korisnik":"27","id_status":"1","id_tip":"1","korisnicko_ime":"rtrujillo","ime":"robert","prezime":"trujillo","email":"robert.trujillo@foi.hr","slika":"images\/users\/default.jpg","aktivacijski_kod":null,"neuspjesne_prijave":null,"blokiran_do":null,"lozinka":"123456"},{"id_korisnik":"28","id_status":"1","id_tip":"1","korisnicko_ime":"pkos1","ime":"pero","prezime":"kos","email":"pkos@mailinator.com","slika":"images\/users\/default.jpg","aktivacijski_kod":null,"neuspjesne_prijave":null,"blokiran_do":null,"lozinka":"123456"},{"id_korisnik":"29","id_status":"1","id_tip":"1","korisnicko_ime":"jzec2","ime":"jura","prezime":"zec","email":"jzec@foi.hr","slika":"images\/users\/default.jpg","aktivacijski_kod":null,"neuspjesne_prijave":null,"blokiran_do":null,"lozinka":"123456"},{"id_korisnik":"30","id_status":"1","id_tip":"1","korisnicko_ime":"vvuk3","ime":"vlatka","prezime":"vuk","email":"vvuk@foi.hr","slika":"images\/users\/default.jpg","aktivacijski_kod":null,"neuspjesne_prijave":null,"blokiran_do":null,"lozinka":"123456"},{"id_korisnik":"31","id_status":"1","id_tip":"1","korisnicko_ime":"ssom1","ime":"stipe","prezime":"som","email":"ssom@foi.hr","slika":"images\/users\/default.jpg","aktivacijski_kod":null,"neuspjesne_prijave":null,"blokiran_do":null,"lozinka":"123456"},{"id_korisnik":"32","id_status":"1","id_tip":"1","korisnicko_ime":"bvlasic1","ime":"blanka","prezime":"vlasic","email":"bvlasic@foi.hr","slika":"images\/users\/default.jpg","aktivacijski_kod":null,"neuspjesne_prijave":null,"blokiran_do":null,"lozinka":"123456"},{"id_korisnik":"33","id_status":"1","id_tip":"1","korisnicko_ime":"jkostelic1","ime":"janica","prezime":"kostelic","email":"jkostelic@foi.hr","slika":"images\/users\/default.jpg","aktivacijski_kod":null,"neuspjesne_prijave":null,"blokiran_do":null,"lozinka":"123456"},{"id_korisnik":"34","id_status":"1","id_tip":"1","korisnicko_ime":"ikostelic1","ime":"ivica","prezime":"kostelic","email":"ikostelic@foi.hr","slika":"images\/users\/default.jpg","aktivacijski_kod":null,"neuspjesne_prijave":null,"blokiran_do":null,"lozinka":"123456"},{"id_korisnik":"35","id_status":"1","id_tip":"1","korisnicko_ime":"iolic1","ime":"ivica","prezime":"olic","email":"iolic@foi.hr","slika":"images\/users\/default.jpg","aktivacijski_kod":null,"neuspjesne_prijave":null,"blokiran_do":null,"lozinka":"123456"},{"id_korisnik":"36","id_status":"1","id_tip":"1","korisnicko_ime":"ivastic1","ime":"ivica","prezime":"vastic","email":"ivastic@foi.hr","slika":"images\/users\/default.jpg","aktivacijski_kod":null,"neuspjesne_prijave":null,"blokiran_do":null,"lozinka":"123456"},{"id_korisnik":"37","id_status":"1","id_tip":"1","korisnicko_ime":"jhetfield1","ime":"james","prezime":"hetfield","email":"jhetfield@foi.hr","slika":"images\/users\/default.jpg","aktivacijski_kod":null,"neuspjesne_prijave":null,"blokiran_do":null,"lozinka":"123456"},{"id_korisnik":"38","id_status":"1","id_tip":"1","korisnicko_ime":"lurlich1","ime":"Lars","prezime":"Ulrich","email":"lurlich@foi.hr","slika":"images\/users\/default.jpg","aktivacijski_kod":"1334431912","neuspjesne_prijave":null,"blokiran_do":null,"lozinka":"123456"},{"id_korisnik":"39","id_status":"1","id_tip":"1","korisnicko_ime":"khammett1","ime":"kirk","prezime":"hammet","email":"khammet@foi.hr","slika":"images\/users\/default.jpg","aktivacijski_kod":null,"neuspjesne_prijave":null,"blokiran_do":null,"lozinka":"123456"},{"id_korisnik":"40","id_status":"1","id_tip":"1","korisnicko_ime":"cburton1","ime":"cliff","prezime":"burton","email":"cburton@foi.hr","slika":"images\/users\/default.jpg","aktivacijski_kod":null,"neuspjesne_prijave":null,"blokiran_do":null,"lozinka":"123456"},{"id_korisnik":"41","id_status":"1","id_tip":"1","korisnicko_ime":"jnewstead1","ime":"jason","prezime":"newstead","email":"jnewstead@foi.hr","slika":"images\/users\/default.jpg","aktivacijski_kod":null,"neuspjesne_prijave":null,"blokiran_do":null,"lozinka":"123456"},{"id_korisnik":"42","id_status":"1","id_tip":"1","korisnicko_ime":"rtrujillo1","ime":"robert","prezime":"trujillo","email":"robert.trujillo@foi.hr","slika":"images\/users\/default.jpg","aktivacijski_kod":null,"neuspjesne_prijave":null,"blokiran_do":null,"lozinka":"123456"},{"id_korisnik":"43","id_status":"1","id_tip":"1","korisnicko_ime":"malimedo2","ime":"Mali","prezime":"Medo","email":"malimedo@mailinator.com","slika":"images\/users\/malimedo2_Koala.jpg","aktivacijski_kod":"1334566362","neuspjesne_prijave":"0","blokiran_do":"0000-00-00 00:00:00","lozinka":"Medo12!"},{"id_korisnik":"44","id_status":"2","id_tip":"1","korisnicko_ime":"malimedo3","ime":"mali","prezime":"medo","email":"malimedo@mailinator.com","slika":"images\/users\/malimedo3_malimedo.jpg","aktivacijski_kod":"1334566500","neuspjesne_prijave":"0","blokiran_do":"0000-00-00 00:00:00","lozinka":"Medo12!"}]