<?xml version="1.0" encoding="utf-8"?>
<korisnici>	<korisnik id='9' status='2' tip='3' korime='mjurisic' ime='Markos' prezime='Jurišić' mail='mjurisic@surmail.info' slika='images/users/mjurisic_Chrysanthemum.jpg' kod='1356647516' prijave='0' blokiran='0000-00-00 00:00:00' pass='321' /><korisnik id='10' status='2' tip='1' korime='jseva' ime='Jurica' prezime='Ševa' mail='jseva@mailinator.com' slika='images/users/default.jpg' kod='1334431668' prijave='0' blokiran='0000-00-00 00:00:00' pass='321' /><korisnik id='11' status='2' tip='3' korime='admin' ime='admin' prezime='admin' mail='admin@foi.hr' slika='images/users/default.jpg' kod='' prijave='' blokiran='' pass='123456' /><korisnik id='12' status='2' tip='2' korime='moderator' ime='moderator' prezime='moderator' mail='moderator@foi.hr' slika='images/users/default.jpg' kod='' prijave='' blokiran='' pass='123456' /><korisnik id='13' status='1' tip='1' korime='pkos' ime='pero' prezime='kos' mail='pkos@mailinator.com' slika='images/users/default.jpg' kod='' prijave='' blokiran='' pass='123456' /><korisnik id='14' status='1' tip='1' korime='jzec' ime='jura' prezime='zec' mail='jzec@foi.hr' slika='images/users/default.jpg' kod='' prijave='' blokiran='' pass='123456' /><korisnik id='15' status='1' tip='1' korime='vvuk' ime='vlatka' prezime='vuk' mail='vvuk@foi.hr' slika='images/users/default.jpg' kod='' prijave='' blokiran='' pass='123456' /><korisnik id='16' status='1' tip='1' korime='ssom' ime='stipe' prezime='som' mail='ssom@foi.hr' slika='images/users/default.jpg' kod='' prijave='' blokiran='' pass='123456' /><korisnik id='17' status='1' tip='1' korime='bvlasic' ime='blanka' prezime='vlasic' mail='bvlasic@foi.hr' slika='images/users/default.jpg' kod='' prijave='' blokiran='' pass='123456' /><korisnik id='18' status='1' tip='1' korime='jkostelic' ime='janica' prezime='kostelic' mail='jkostelic@foi.hr' slika='images/users/default.jpg' kod='' prijave='' blokiran='' pass='123456' /><korisnik id='19' status='1' tip='1' korime='ikostelic' ime='ivica' prezime='kostelic' mail='ikostelic@foi.hr' slika='images/users/default.jpg' kod='' prijave='' blokiran='' pass='123456' /><korisnik id='20' status='1' tip='1' korime='iolic' ime='ivica' prezime='olic' mail='iolic@foi.hr' slika='images/users/default.jpg' kod='' prijave='' blokiran='' pass='123456' /><korisnik id='21' status='1' tip='1' korime='ivastic' ime='ivica' prezime='vastic' mail='ivastic@foi.hr' slika='images/users/default.jpg' kod='' prijave='' blokiran='' pass='123456' /><korisnik id='22' status='1' tip='1' korime='jhetfield' ime='james' prezime='hetfield' mail='jhetfield@foi.hr' slika='images/users/default.jpg' kod='' prijave='' blokiran='' pass='123456' /><korisnik id='23' status='1' tip='1' korime='lurlich' ime='lars' prezime='ulrich' mail='lurlich@foi.hr' slika='images/users/default.jpg' kod='' prijave='' blokiran='' pass='123456' /><korisnik id='24' status='1' tip='1' korime='khammett' ime='kirk' prezime='hammet' mail='khammet@foi.hr' slika='images/users/default.jpg' kod='' prijave='' blokiran='' pass='123456' /><korisnik id='25' status='1' tip='1' korime='cburton' ime='cliff' prezime='burton' mail='cburton@foi.hr' slika='images/users/default.jpg' kod='' prijave='' blokiran='' pass='123456' /><korisnik id='26' status='1' tip='1' korime='jnewstead' ime='jason' prezime='newstead' mail='jnewstead@foi.hr' slika='images/users/default.jpg' kod='' prijave='' blokiran='' pass='123456' /><korisnik id='27' status='1' tip='1' korime='rtrujillo' ime='robert' prezime='trujillo' mail='robert.trujillo@foi.hr' slika='images/users/default.jpg' kod='' prijave='' blokiran='' pass='123456' /><korisnik id='28' status='1' tip='1' korime='pkos1' ime='pero' prezime='kos' mail='pkos@mailinator.com' slika='images/users/default.jpg' kod='' prijave='' blokiran='' pass='123456' /><korisnik id='29' status='1' tip='1' korime='jzec2' ime='jura' prezime='zec' mail='jzec@foi.hr' slika='images/users/default.jpg' kod='' prijave='' blokiran='' pass='123456' /><korisnik id='30' status='1' tip='1' korime='vvuk3' ime='vlatka' prezime='vuk' mail='vvuk@foi.hr' slika='images/users/default.jpg' kod='' prijave='' blokiran='' pass='123456' /><korisnik id='31' status='1' tip='1' korime='ssom1' ime='stipe' prezime='som' mail='ssom@foi.hr' slika='images/users/default.jpg' kod='' prijave='' blokiran='' pass='123456' /><korisnik id='32' status='1' tip='1' korime='bvlasic1' ime='blanka' prezime='vlasic' mail='bvlasic@foi.hr' slika='images/users/default.jpg' kod='' prijave='' blokiran='' pass='123456' /><korisnik id='33' status='1' tip='1' korime='jkostelic1' ime='janica' prezime='kostelic' mail='jkostelic@foi.hr' slika='images/users/default.jpg' kod='' prijave='' blokiran='' pass='123456' /><korisnik id='34' status='1' tip='1' korime='ikostelic1' ime='ivica' prezime='kostelic' mail='ikostelic@foi.hr' slika='images/users/default.jpg' kod='' prijave='' blokiran='' pass='123456' /><korisnik id='35' status='1' tip='1' korime='iolic1' ime='ivica' prezime='olic' mail='iolic@foi.hr' slika='images/users/default.jpg' kod='' prijave='' blokiran='' pass='123456' /><korisnik id='36' status='1' tip='1' korime='ivastic1' ime='ivica' prezime='vastic' mail='ivastic@foi.hr' slika='images/users/default.jpg' kod='' prijave='' blokiran='' pass='123456' /><korisnik id='37' status='1' tip='1' korime='jhetfield1' ime='james' prezime='hetfield' mail='jhetfield@foi.hr' slika='images/users/default.jpg' kod='' prijave='' blokiran='' pass='123456' /><korisnik id='38' status='1' tip='1' korime='lurlich1' ime='Lars' prezime='Ulrich' mail='lurlich@foi.hr' slika='images/users/default.jpg' kod='1334431912' prijave='' blokiran='' pass='123456' /><korisnik id='39' status='1' tip='1' korime='khammett1' ime='kirk' prezime='hammet' mail='khammet@foi.hr' slika='images/users/default.jpg' kod='' prijave='' blokiran='' pass='123456' /><korisnik id='40' status='1' tip='1' korime='cburton1' ime='cliff' prezime='burton' mail='cburton@foi.hr' slika='images/users/default.jpg' kod='' prijave='' blokiran='' pass='123456' /><korisnik id='41' status='1' tip='1' korime='jnewstead1' ime='jason' prezime='newstead' mail='jnewstead@foi.hr' slika='images/users/default.jpg' kod='' prijave='' blokiran='' pass='123456' /><korisnik id='42' status='1' tip='1' korime='rtrujillo1' ime='robert' prezime='trujillo' mail='robert.trujillo@foi.hr' slika='images/users/default.jpg' kod='' prijave='' blokiran='' pass='123456' /><korisnik id='43' status='1' tip='1' korime='malimedo2' ime='Mali' prezime='Medo' mail='malimedo@mailinator.com' slika='images/users/malimedo2_Koala.jpg' kod='1334566362' prijave='0' blokiran='0000-00-00 00:00:00' pass='Medo12!' /><korisnik id='44' status='2' tip='1' korime='malimedo3' ime='mali' prezime='medo' mail='malimedo@mailinator.com' slika='images/users/malimedo3_malimedo.jpg' kod='1334566500' prijave='0' blokiran='0000-00-00 00:00:00' pass='Medo12!' /></korisnici>